S=Variance-Covariance,IVV,VWO,TLT,IEI,IEF
IVV,0.001362496,0.001407084,-0.00060072,-0.000128152,-0.000268134
VWO,0.001407084,0.002823558,-0.000449082,-4.09992E-05,-0.000130958
TLT,-0.00060072,-0.000449082,0.001285389,0.000251047,0.000542665
IEI,-0.000128152,-4.09992E-05,0.000251047,7.08016E-05,0.000132254
IEF,-0.000268134,-0.000130958,0.000542665,0.000132254,0.000261532
