S=Variance-Covariance,VIX,VWO,TLT,IEI,IEF
VIX,0.055351659,-0.00872735,0.002874292,0.000567593,0.0011938
VWO,-0.00872735,0.002847285,-0.000449082,-4.09992E-05,-0.000130958
TLT,0.002874292,-0.000449082,0.001296191,0.000251047,0.000542665
IEI,0.000567593,-4.09992E-05,0.000251047,7.13966E-05,0.000132254
IEF,0.0011938,-0.000130958,0.000542665,0.000132254,0.000263729
