AssetClass,m
VIX,-0.003739809
VWO,0.000450817
TLT,0.003590283
IEI,0.00106701
IEF,0.001834632
